Color Style ,Aroma Intensity,Alcoholic Strength,Bitterness Intensity,Foam Level,Willing to pay (MXN)...,Score,Rank,Lower boundary of 90% confidence interval,Upper boundary of 90% confidence interval
Very dark color,Low intensity aromas,Very intense alcohol content,Low bitterness,No or very low foam,$30-$39,22.9714,1,21.4733,24.5581
Very dark color,Low intensity aromas,Very intense alcohol content,Low bitterness,No or very low foam,$40-$49,22.0458,2,20.8561,23.6957
Very dark color,Low intensity aromas,Very intense alcohol content,Low bitterness,Low foam,$30-$39,21.2632,3,19.7091,22.7131
Very dark color,Low intensity aromas,Very intense alcohol content,Low bitterness,Low foam,$40-$49,20.3375,4,19.1019,21.9071
Very dark color,Medium intensity aromas,Very intense alcohol content,Low bitterness,No or very low foam,$30-$39,20.2724,5,18.8517,21.7301
Very dark color,Low intensity aromas,Medium alcohol content,Low bitterness,No or very low foam,$30-$39,19.895,6,18.2545,21.7147
Very dark color,Medium intensity aromas,Very intense alcohol content,Low bitterness,No or very low foam,$40-$49,19.3467,7,18.1318,20.9066
Very dark color,Low intensity aromas,Very intense alcohol content,Low bitterness,No or very low foam,$60-$69,19.3136,8,17.9344,20.9071
Very dark color,Low intensity aromas,Medium alcohol content,Low bitterness,No or very low foam,$40-$49,18.9693,9,17.3675,20.8772
Very dark color,Low intensity aromas,Intense alcohol content,Low bitterness,No or very low foam,$30-$39,18.8271,10,17.3525,20.2301
Very dark color,Intense aromas,Very intense alcohol content,Low bitterness,No or very low foam,$30-$39,18.7735,11,17.0867,20.5381
Very dark color,Low intensity aromas,Very intense alcohol content,Medium bitterness,No or very low foam,$30-$39,18.6815,12,17.1175,20.1198
Very dark color,Medium intensity aromas,Very intense alcohol content,Low bitterness,Low foam,$30-$39,18.5641,13,17.1224,20.0548
Very dark color,Low intensity aromas,Medium alcohol content,Low bitterness,Low foam,$30-$39,18.1867,14,16.7402,19.8839
Very dark color,Low intensity aromas,Intense alcohol content,Low bitterness,No or very low foam,$40-$49,17.9014,15,16.4578,19.4775
Pale color,Medium intensity aromas,Medium alcohol content,Medium bitterness,Medium foam,$30-$39,17.8569,16,16.2025,19.5091
Very dark color,Intense aromas,Very intense alcohol content,Low bitterness,No or very low foam,$40-$49,17.8478,17,16.5196,19.5593
Very dark color,Low intensity aromas,Very intense alcohol content,Medium bitterness,No or very low foam,$40-$49,17.7559,18,16.5625,18.9383
Very dark color,Low intensity aromas,Very intense alcohol content,Low bitterness,Medium foam,$30-$39,17.755,19,16.2558,19.2003
Very dark color,Medium intensity aromas,Very intense alcohol content,Low bitterness,Low foam,$40-$49,17.6385,20,16.3977,19.1926
Very dark color,Low intensity aromas,Very intense alcohol content,Low bitterness,Low foam,$60-$69,17.6053,21,16.0433,19.2305
Pale color,Medium intensity aromas,Medium alcohol content,Low bitterness,Medium foam,$30-$39,17.4866,22,15.939,19.1118
Pale color,Medium intensity aromas,Intense alcohol content,Medium bitterness,Medium foam,$30-$39,17.4454,23,16.0992,18.8193
Very dark color,Low intensity aromas,Medium alcohol content,Low bitterness,Low foam,$40-$49,17.261,24,15.8619,18.9648
Very dark color,Medium intensity aromas,Medium alcohol content,Low bitterness,No or very low foam,$30-$39,17.1959,25,15.7208,18.9587
Very dark color,Low intensity aromas,Intense alcohol content,Low bitterness,Low foam,$30-$39,17.1188,26,15.5224,18.5223
Pale color,Medium intensity aromas,Intense alcohol content,Low bitterness,Medium foam,$30-$39,17.0751,27,15.6381,18.4702
Very dark color,Intense aromas,Very intense alcohol content,Low bitterness,Low foam,$30-$39,17.0652,28,15.3665,18.7862
Very dark color,Low intensity aromas,Very intense alcohol content,Medium bitterness,Low foam,$30-$39,16.9732,29,15.2808,18.4145
Very dark color,Low intensity aromas,Very intense alcohol content,Low bitterness,No or very low foam,$50-$59,16.8506,30,15.4893,18.3774
Very dark color,Low intensity aromas,Very intense alcohol content,Low bitterness,Medium foam,$40-$49,16.8294,31,15.5657,18.4147
Very dark color,Very intense aromas,Very intense alcohol content,Low bitterness,No or very low foam,$30-$39,16.7905,32,15.1073,18.4434
Very dark color,Medium intensity aromas,Very intense alcohol content,Low bitterness,No or very low foam,$60-$69,16.6146,33,15.2028,18.2356
Very dark color,Low intensity aromas,Very intense alcohol content,Low bitterness,High foam,$30-$39,16.5584,34,14.9171,18.2515
Very dark color,Medium intensity aromas,Medium alcohol content,Low bitterness,No or very low foam,$40-$49,16.2703,35,14.7686,18.1956
Very dark color,Low intensity aromas,Medium alcohol content,Low bitterness,No or very low foam,$60-$69,16.2371,36,14.7978,17.9851
Very dark color,Low intensity aromas,Intense alcohol content,Low bitterness,Low foam,$40-$49,16.1931,37,14.8178,17.8134
Very dark color,Intense aromas,Very intense alcohol content,Low bitterness,Low foam,$40-$49,16.1396,38,14.8354,17.7805
Very dark color,Medium intensity aromas,Intense alcohol content,Low bitterness,No or very low foam,$30-$39,16.1281,39,14.6958,17.5329
Very dark color,Low intensity aromas,Very intense alcohol content,Medium bitterness,Low foam,$40-$49,16.0476,40,14.7225,17.2788
Very dark color,Medium intensity aromas,Very intense alcohol content,Medium bitterness,No or very low foam,$30-$39,15.9825,41,14.3435,17.5137
Very dark color,Very intense aromas,Very intense alcohol content,Low bitterness,No or very low foam,$40-$49,15.8648,42,14.5522,17.3621
Very dark color,Intense aromas,Medium alcohol content,Low bitterness,No or very low foam,$30-$39,15.697,43,14.2543,17.2836
Very dark color,Low intensity aromas,Very intense alcohol content,No or very low bitterness,No or very low foam,$30-$39,15.6371,44,14.1163,17.0568
Very dark color,Low intensity aromas,Very intense alcohol content,Low bitterness,High foam,$40-$49,15.6327,45,14.2624,17.3436
Very dark color,Low intensity aromas,Medium alcohol content,Medium bitterness,No or very low foam,$30-$39,15.6051,46,14.1922,16.9546
Very dark color,Low intensity aromas,Very intense alcohol content,Very intense bitterness,No or very low foam,$30-$39,15.5653,47,13.9369,17.1788
Very dark color,Medium intensity aromas,Medium alcohol content,Low bitterness,Low foam,$30-$39,15.4877,48,14.0439,17.1472
Pale color,Low intensity aromas,Medium alcohol content,Medium bitterness,Medium foam,$30-$39,15.3066,49,13.8216,16.9124
Very dark color,Medium intensity aromas,Intense alcohol content,Low bitterness,No or very low foam,$40-$49,15.2024,50,13.7591,16.7359
Very dark color,Low intensity aromas,Intense alcohol content,Low bitterness,No or very low foam,$60-$69,15.1693,51,13.6837,16.7865
Very dark color,Low intensity aromas,Very intense alcohol content,Low bitterness,Low foam,$50-$59,15.1423,52,13.5859,16.8227
Very dark color,Intense aromas,Very intense alcohol content,Low bitterness,No or very low foam,$60-$69,15.1157,53,13.7206,16.7711
Very dark color,Very intense aromas,Very intense alcohol content,Low bitterness,Low foam,$30-$39,15.0822,54,13.4295,16.6107
Very dark color,Medium intensity aromas,Very intense alcohol content,Medium bitterness,No or very low foam,$40-$49,15.0568,55,13.8112,16.2659
Very dark color,Medium intensity aromas,Very intense alcohol content,Low bitterness,Medium foam,$30-$39,15.056,56,13.5061,16.5561
Very dark color,Low intensity aromas,Very intense alcohol content,Medium bitterness,No or very low foam,$60-$69,15.0237,57,13.8209,16.1665
Pale color,Low intensity aromas,Medium alcohol content,Low bitterness,Medium foam,$30-$39,14.9364,58,13.3719,16.5074
Very dark color,Medium intensity aromas,Very intense alcohol content,Low bitterness,Low foam,$60-$69,14.9063,59,13.2857,16.6309
Pale color,Low intensity aromas,Intense alcohol content,Medium bitterness,Medium foam,$30-$39,14.8951,60,13.5487,16.1859
Very dark color,Intense aromas,Medium alcohol content,Low bitterness,No or very low foam,$40-$49,14.7714,61,13.3342,16.4488
Very dark color,Low intensity aromas,Very intense alcohol content,Intense bitterness,No or very low foam,$30-$39,14.7627,62,13.1894,16.4614
Very dark color,Low intensity aromas,Very intense alcohol content,No or very low bitterness,No or very low foam,$40-$49,14.7114,63,13.4916,16.1518
Very dark color,Low intensity aromas,Medium alcohol content,Medium bitterness,No or very low foam,$40-$49,14.6794,64,13.3033,15.9837
Very dark color,Low intensity aromas,Medium alcohol content,Low bitterness,Medium foam,$30-$39,14.6786,65,13.2721,16.2044
Very dark color,Low intensity aromas,Very intense alcohol content,Very intense bitterness,No or very low foam,$40-$49,14.6396,66,13.3653,15.8582
Very dark color,Intense aromas,Intense alcohol content,Low bitterness,No or very low foam,$30-$39,14.6292,67,12.9984,16.2216
Very dark color,Medium intensity aromas,Medium alcohol content,Low bitterness,Low foam,$40-$49,14.562,68,13.0143,16.3982
Very dark color,Low intensity aromas,Intense alcohol content,Medium bitterness,No or very low foam,$30-$39,14.5372,69,13.0199,15.9241
Very dark color,Low intensity aromas,Medium alcohol content,Low bitterness,Low foam,$60-$69,14.5288,70,13.1548,16.2371
Pale color,Low intensity aromas,Intense alcohol content,Low bitterness,Medium foam,$30-$39,14.5248,71,13.0722,15.9592
Very dark color,Intense aromas,Very intense alcohol content,Medium bitterness,No or very low foam,$30-$39,14.4836,72,12.5477,16.1872
Very dark color,Medium intensity aromas,Intense alcohol content,Low bitterness,Low foam,$30-$39,14.4198,73,12.741,15.9683
Pale color,Medium intensity aromas,Medium alcohol content,Intense bitterness,Medium foam,$30-$39,14.3356,74,12.5988,16.0432
Very dark color,Medium intensity aromas,Very intense alcohol content,Medium bitterness,Low foam,$30-$39,14.2742,75,12.5221,15.8837
Very dark color,Very intense aromas,Very intense alcohol content,Low bitterness,Low foam,$40-$49,14.1565,76,12.71,15.7149
Very dark color,Medium intensity aromas,Very intense alcohol content,Low bitterness,No or very low foam,$50-$59,14.1516,77,12.6555,15.8011
Very dark color,Medium intensity aromas,Very intense alcohol content,Low bitterness,Medium foam,$40-$49,14.1303,78,12.8397,15.6485
Very dark color,Low intensity aromas,Very intense alcohol content,Low bitterness,Medium foam,$60-$69,14.0972,79,12.6012,15.7362
Very dark color,Intense aromas,Medium alcohol content,Low bitterness,Low foam,$30-$39,13.9888,80,12.63,15.4513
Very dark color,Low intensity aromas,Very intense alcohol content,No or very low bitterness,Low foam,$30-$39,13.9288,81,12.5006,15.3372
Pale color,Medium intensity aromas,Intense alcohol content,Intense bitterness,Medium foam,$30-$39,13.9241,82,12.3291,15.5594
Very dark color,Low intensity aromas,Medium alcohol content,Medium bitterness,Low foam,$30-$39,13.8968,83,12.492,15.1401
Very dark color,Medium intensity aromas,Very intense alcohol content,Low bitterness,High foam,$30-$39,13.8594,84,12.2662,15.4362
Very dark color,Low intensity aromas,Very intense alcohol content,Very intense bitterness,Low foam,$30-$39,13.857,85,12.1725,15.547
Very dark color,Low intensity aromas,Very intense alcohol content,Intense bitterness,No or very low foam,$40-$49,13.8371,86,12.5307,15.1719
Very dark color,Low intensity aromas,Medium alcohol content,Low bitterness,No or very low foam,$50-$59,13.7741,87,12.4714,15.2623
Very dark color,Low intensity aromas,Medium alcohol content,Low bitterness,Medium foam,$40-$49,13.7529,88,12.3365,15.4136
Very dark color,Very intense aromas,Medium alcohol content,Low bitterness,No or very low foam,$30-$39,13.714,89,12.0717,15.4821
Very dark color,Intense aromas,Intense alcohol content,Low bitterness,No or very low foam,$40-$49,13.7035,90,12.298,15.2233
Pale color,Medium intensity aromas,Medium alcohol content,Medium bitterness,Medium foam,$40-$49,13.6868,91,12.0195,15.2195
Very dark color,Low intensity aromas,Intense alcohol content,Medium bitterness,No or very low foam,$40-$49,13.6115,92,12.3094,14.8146
Very dark color,Low intensity aromas,Intense alcohol content,Low bitterness,Medium foam,$30-$39,13.6107,93,12.1705,15.0534
Very dark color,Intense aromas,Very intense alcohol content,Medium bitterness,No or very low foam,$40-$49,13.5579,94,12.0876,14.9736
Very dark color,Intense aromas,Very intense alcohol content,Low bitterness,Medium foam,$30-$39,13.5571,95,11.7638,15.3994
Very dark color,Medium intensity aromas,Medium alcohol content,Low bitterness,No or very low foam,$60-$69,13.5381,96,12.0524,15.2544
Very dark color,Medium intensity aromas,Intense alcohol content,Low bitterness,Low foam,$40-$49,13.4941,97,11.9987,15.1583
Very dark color,Low intensity aromas,Medium alcohol content,Low bitterness,High foam,$30-$39,13.4819,98,11.6988,15.5394
Very dark color,Low intensity aromas,Very intense alcohol content,Medium bitterness,Medium foam,$30-$39,13.4651,99,11.6856,15.0882
Very dark color,Low intensity aromas,Intense alcohol content,Low bitterness,Low foam,$60-$69,13.461,100,11.8577,15.2174
Very dark color,Intense aromas,Very intense alcohol content,Low bitterness,Low foam,$60-$69,13.4074,101,11.7994,15.1852
Pale color,Intense aromas,Medium alcohol content,Medium bitterness,Medium foam,$30-$39,13.3512,102,11.6078,15.0552
Very dark color,Medium intensity aromas,Very intense alcohol content,Medium bitterness,Low foam,$40-$49,13.3485,103,11.8932,14.7413
Pale color,Medium intensity aromas,Medium alcohol content,Low bitterness,Medium foam,$40-$49,13.3165,104,11.869,14.667
Very dark color,Low intensity aromas,Very intense alcohol content,Medium bitterness,Low foam,$60-$69,13.3154,105,11.9464,14.696
Pale color,Medium intensity aromas,Intense alcohol content,Medium bitterness,Medium foam,$40-$49,13.2753,106,11.7545,14.66
Very dark color,Very intense aromas,Very intense alcohol content,Low bitterness,No or very low foam,$60-$69,13.1326,107,11.7311,14.7585
Very dark color,Intense aromas,Medium alcohol content,Low bitterness,Low foam,$40-$49,13.0631,108,11.6893,14.6454
Very dark color,Low intensity aromas,Very intense alcohol content,Intense bitterness,Low foam,$30-$39,13.0544,109,11.2626,14.8258
Very dark color,Low intensity aromas,Very intense alcohol content,No or very low bitterness,Low foam,$40-$49,13.0032,110,11.7867,14.3212
Pale color,Intense aromas,Medium alcohol content,Low bitterness,Medium foam,$30-$39,12.9809,111,11.3353,14.6644
Very dark color,Low intensity aromas,Medium alcohol content,Medium bitterness,Low foam,$40-$49,12.9711,112,11.6303,14.267
Pale color,Intense aromas,Intense alcohol content,Medium bitterness,Medium foam,$30-$39,12.9397,113,11.3344,14.4227
Very dark color,Medium intensity aromas,Very intense alcohol content,No or very low bitterness,No or very low foam,$30-$39,12.9381,114,11.5297,14.3851
Very dark color,Medium intensity aromas,Very intense alcohol content,Low bitterness,High foam,$40-$49,12.9337,115,11.5472,14.5952
Very dark color,Low intensity aromas,Very intense alcohol content,Very intense bitterness,Low foam,$40-$49,12.9313,116,11.5448,14.1844
Very dark color,Intense aromas,Intense alcohol content,Low bitterness,Low foam,$30-$39,12.9209,117,11.2862,14.6124
Very dark color,Medium intensity aromas,Medium alcohol content,Medium bitterness,No or very low foam,$30-$39,12.906,118,11.4614,14.4306
Pale color,Medium intensity aromas,Intense alcohol content,Low bitterness,Medium foam,$40-$49,12.905,119,11.5367,14.2203
Very dark color,Low intensity aromas,Very intense alcohol content,Low bitterness,High foam,$60-$69,12.9005,120,11.4108,14.5423
Very dark color,Medium intensity aromas,Very intense alcohol content,Very intense bitterness,No or very low foam,$30-$39,12.8663,121,11.1829,14.458
Very dark color,Low intensity aromas,Intense alcohol content,Medium bitterness,Low foam,$30-$39,12.8289,122,11.0563,14.3858
Very dark color,Very intense aromas,Medium alcohol content,Low bitterness,No or very low foam,$40-$49,12.7883,123,11.208,14.6135
Very dark color,Intense aromas,Very intense alcohol content,Medium bitterness,Low foam,$30-$39,12.7753,124,10.893,14.5849
Brown color,Medium intensity aromas,Intense alcohol content,Medium bitterness,Medium foam,$40-$49,12.73,125,10.7459,14.9063
Pale color,Medium intensity aromas,Medium alcohol content,Medium bitterness,Medium foam,$50-$59,12.7186,126,10.8338,14.5331
Very dark color,Low intensity aromas,Intense alcohol content,Low bitterness,No or very low foam,$50-$59,12.7063,127,11.2353,14.1869
Very dark color,Low intensity aromas,Intense alcohol content,Low bitterness,Medium foam,$40-$49,12.685,128,11.3499,14.2047
Very dark color,Intense aromas,Very intense alcohol content,Low bitterness,No or very low foam,$50-$59,12.6527,129,11.0122,14.4709
Very dark color,Very intense aromas,Intense alcohol content,Low bitterness,No or very low foam,$30-$39,12.6461,130,11.0881,14.1611
Very dark color,Intense aromas,Very intense alcohol content,Low bitterness,Medium foam,$40-$49,12.6314,131,11.2164,14.3179
Pale color,Intense aromas,Intense alcohol content,Low bitterness,Medium foam,$30-$39,12.5694,132,10.9154,14.1116
Very dark color,Low intensity aromas,Very intense alcohol content,Medium bitterness,No or very low foam,$50-$59,12.5607,133,11.057,13.951
Very dark color,Low intensity aromas,Medium alcohol content,No or very low bitterness,No or very low foam,$30-$39,12.5607,134,11.237,14.0335
Brown color,Medium intensity aromas,Very intense alcohol content,Medium bitterness,Medium foam,$40-$49,12.5594,135,10.6595,14.7797
Very dark color,Low intensity aromas,Medium alcohol content,Low bitterness,High foam,$40-$49,12.5562,136,10.6864,14.682
Very dark color,Low intensity aromas,Very intense alcohol content,Medium bitterness,Medium foam,$40-$49,12.5395,137,11.1242,13.8986
Very dark color,Very intense aromas,Very intense alcohol content,Medium bitterness,No or very low foam,$30-$39,12.5006,138,10.6214,14.2345
Very dark color,Low intensity aromas,Medium alcohol content,Very intense bitterness,No or very low foam,$30-$39,12.4888,139,11.1499,13.774
Very dark color,Medium intensity aromas,Intense alcohol content,Low bitterness,No or very low foam,$60-$69,12.4702,140,10.8364,14.1088
Very dark color,Medium intensity aromas,Very intense alcohol content,Low bitterness,Low foam,$50-$59,12.4433,141,10.8555,14.2171
Very dark color,Low intensity aromas,Intense alcohol content,Low bitterness,High foam,$30-$39,12.4141,142,10.6545,14.0346
Very dark color,Intense aromas,Very intense alcohol content,Low bitterness,High foam,$30-$39,12.3605,143,10.5092,14.1937
Pale color,Medium intensity aromas,Medium alcohol content,Low bitterness,Medium foam,$50-$59,12.3483,144,10.7058,14.0607
Very dark color,Medium intensity aromas,Very intense alcohol content,Medium bitterness,No or very low foam,$60-$69,12.3247,145,10.9458,13.7252
Pale color,Medium intensity aromas,Intense alcohol content,Medium bitterness,Medium foam,$50-$59,12.3071,146,10.7553,13.8408
Very dark color,Low intensity aromas,Very intense alcohol content,Medium bitterness,High foam,$30-$39,12.2685,147,10.561,13.7914
Very dark color,Low intensity aromas,Very intense alcohol content,Intense bitterness,Low foam,$40-$49,12.1288,148,10.6283,13.5498
Very dark color,Low intensity aromas,Medium alcohol content,Low bitterness,Low foam,$50-$59,12.0659,149,10.771,13.5294
Very dark color,Medium intensity aromas,Very intense alcohol content,Intense bitterness,No or very low foam,$30-$39,12.0637,150,10.3764,13.7743
Very dark color,Intense aromas,Medium alcohol content,Low bitterness,No or very low foam,$60-$69,12.0392,151,10.7822,13.5611
Very dark color,Medium intensity aromas,Very intense alcohol content,No or very low bitterness,No or very low foam,$40-$49,12.0124,152,10.8666,13.267
Very dark color,Very intense aromas,Medium alcohol content,Low bitterness,Low foam,$30-$39,12.0057,153,10.4757,13.6606
Very dark color,Intense aromas,Intense alcohol content,Low bitterness,Low foam,$40-$49,11.9952,154,10.4759,13.5772
Very dark color,Medium intensity aromas,Medium alcohol content,Medium bitterness,No or very low foam,$40-$49,11.9804,155,10.5464,13.367
Very dark color,Medium intensity aromas,Medium alcohol content,Low bitterness,Medium foam,$30-$39,11.9796,156,10.5909,13.4962
Very dark color,Low intensity aromas,Very intense alcohol content,No or very low bitterness,No or very low foam,$60-$69,11.9793,157,10.4579,13.5605
Very dark color,Low intensity aromas,Medium alcohol content,Medium bitterness,No or very low foam,$60-$69,11.9472,158,10.8893,13.0385
Very dark color,Medium intensity aromas,Very intense alcohol content,Very intense bitterness,No or very low foam,$40-$49,11.9406,159,10.5731,13.1985
Pale color,Medium intensity aromas,Intense alcohol content,Low bitterness,Medium foam,$50-$59,11.9368,160,10.5335,13.5162
Very dark color,Low intensity aromas,Very intense alcohol content,Very intense bitterness,No or very low foam,$60-$69,11.9075,161,10.6276,13.0969
Very dark color,Low intensity aromas,Intense alcohol content,Medium bitterness,Low foam,$40-$49,11.9032,162,10.4312,13.3135
Brown color,Medium intensity aromas,Intense alcohol content,Low bitterness,Medium foam,$40-$49,11.8869,163,10.1663,13.81
Very dark color,Intense aromas,Very intense alcohol content,Medium bitterness,Low foam,$40-$49,11.8496,164,10.2643,13.2706
Very dark color,Medium intensity aromas,Intense alcohol content,Medium bitterness,No or very low foam,$30-$39,11.8382,165,10.1572,13.3773
Very dark color,Medium intensity aromas,Medium alcohol content,Low bitterness,Low foam,$60-$69,11.8298,166,10.2474,13.5999
Pale color,Low intensity aromas,Medium alcohol content,Intense bitterness,Medium foam,$30-$39,11.7853,167,10.1121,13.3708
Pale color,Medium intensity aromas,Medium alcohol content,Medium bitterness,High foam,$30-$39,11.7555,168,10.3386,13.2899
Very dark color,Low intensity aromas,Very intense alcohol content,Low bitterness,No or very low foam,$70 or more,11.7432,169,10.0374,13.7218
Very dark color,Very intense aromas,Intense alcohol content,Low bitterness,No or very low foam,$40-$49,11.7205,170,10.264,13.2079
Brown color,Medium intensity aromas,Very intense alcohol content,Low bitterness,Medium foam,$40-$49,11.7163,171,10.1068,13.5952
Very dark color,Low intensity aromas,Medium alcohol content,Intense bitterness,No or very low foam,$30-$39,11.6863,172,10.048,13.254
Very dark color,Low intensity aromas,Medium alcohol content,No or very low bitterness,No or very low foam,$40-$49,11.635,173,10.265,13.1895
Very dark color,Low intensity aromas,Very intense alcohol content,Low bitterness,Medium foam,$50-$59,11.6342,174,10.1681,13.1351
Brown color,Medium intensity aromas,Intense alcohol content,Medium bitterness,Low foam,$40-$49,11.6047,175,9.6604,13.6937
Very dark color,Very intense aromas,Very intense alcohol content,Medium bitterness,No or very low foam,$40-$49,11.5749,176,10.0371,13.0929
Very dark color,Very intense aromas,Very intense alcohol content,Low bitterness,Medium foam,$30-$39,11.5741,177,10.0427,13.1609
Very dark color,Low intensity aromas,Medium alcohol content,Very intense bitterness,No or very low foam,$40-$49,11.5632,178,10.3489,12.6854
Very dark color,Low intensity aromas,Intense alcohol content,No or very low bitterness,No or very low foam,$30-$39,11.4928,179,10.1206,12.7608
Very dark color,Low intensity aromas,Intense alcohol content,Low bitterness,High foam,$40-$49,11.4884,180,9.8674,13.0954
Very dark color,Intense aromas,Very intense alcohol content,No or very low bitterness,No or very low foam,$30-$39,11.4392,181,9.9037,13.0533
Very dark color,Intense aromas,Very intense alcohol content,Low bitterness,High foam,$40-$49,11.4348,182,9.9519,13.2477
Brown color,Medium intensity aromas,Very intense alcohol content,Medium bitterness,Low foam,$40-$49,11.4342,183,9.7022,13.3847
Very dark color,Very intense aromas,Very intense alcohol content,Low bitterness,Low foam,$60-$69,11.4243,184,9.8677,13.1192
Very dark color,Low intensity aromas,Intense alcohol content,Very intense bitterness,No or very low foam,$30-$39,11.421,185,9.8649,12.8155
Very dark color,Intense aromas,Medium alcohol content,Medium bitterness,No or very low foam,$30-$39,11.4071,186,9.8474,12.9336
Very dark color,Medium intensity aromas,Very intense alcohol content,Low bitterness,Medium foam,$60-$69,11.3982,187,9.9239,13.0504
Pale color,Medium intensity aromas,Medium alcohol content,Low bitterness,High foam,$30-$39,11.3852,188,9.8726,13.012
Pale color,Low intensity aromas,Intense alcohol content,Intense bitterness,Medium foam,$30-$39,11.3738,189,9.9487,12.8862
Very dark color,Intense aromas,Very intense alcohol content,Very intense bitterness,No or very low foam,$30-$39,11.3674,190,9.3849,13.4056
Pale color,Medium intensity aromas,Intense alcohol content,Medium bitterness,High foam,$30-$39,11.344,191,9.9964,12.6165
Very dark color,Low intensity aromas,Very intense alcohol content,Medium bitterness,High foam,$40-$49,11.3428,192,10.1004,12.571
Very dark color,Medium intensity aromas,Very intense alcohol content,No or very low bitterness,Low foam,$30-$39,11.2298,193,9.7201,12.7598
Very dark color,Medium intensity aromas,Medium alcohol content,Medium bitterness,Low foam,$30-$39,11.1978,194,9.7239,12.6322
Very dark color,Medium intensity aromas,Very intense alcohol content,Very intense bitterness,Low foam,$30-$39,11.158,195,9.3385,12.9739
Very dark color,Medium intensity aromas,Very intense alcohol content,Intense bitterness,No or very low foam,$40-$49,11.138,196,9.7596,12.5189
Pale color,Low intensity aromas,Medium alcohol content,Medium bitterness,Medium foam,$40-$49,11.1365,197,9.4881,12.702
Very dark color,Low intensity aromas,Very intense alcohol content,Intense bitterness,No or very low foam,$60-$69,11.1049,198,9.889,12.3794
Very dark color,Very intense aromas,Medium alcohol content,Low bitterness,Low foam,$40-$49,11.08,199,9.532,12.8624
Very dark color,Medium intensity aromas,Medium alcohol content,Low bitterness,No or very low foam,$50-$59,11.0751,200,9.6361,12.6577
Very dark color,Medium intensity aromas,Medium alcohol content,Low bitterness,Medium foam,$40-$49,11.0539,201,9.6236,12.7926
Very dark color,Low intensity aromas,Medium alcohol content,Low bitterness,Medium foam,$60-$69,11.0207,202,9.6398,12.7224
Very dark color,Low intensity aromas,Intense alcohol content,Low bitterness,Low foam,$50-$59,10.998,203,9.3508,12.6251
Pale color,Medium intensity aromas,Intense alcohol content,Low bitterness,High foam,$30-$39,10.9737,204,9.4045,12.4487
Very dark color,Intense aromas,Intense alcohol content,Low bitterness,No or very low foam,$60-$69,10.9713,205,9.4403,12.6152
Very dark color,Intense aromas,Very intense alcohol content,Low bitterness,Low foam,$50-$59,10.9444,206,9.223,12.8739
Very dark color,Very intense aromas,Intense alcohol content,Low bitterness,Low foam,$30-$39,10.9378,207,9.1813,12.5801
Very dark color,Medium intensity aromas,Intense alcohol content,Medium bitterness,No or very low foam,$40-$49,10.9125,208,9.4403,12.3011
Very dark color,Medium intensity aromas,Intense alcohol content,Low bitterness,Medium foam,$30-$39,10.9117,209,9.4299,12.3938
Amber color,Medium intensity aromas,Medium alcohol content,Medium bitterness,Low foam,$40-$49,10.9087,210,9.194,12.7866
Very dark color,Low intensity aromas,Intense alcohol content,Medium bitterness,No or very low foam,$60-$69,10.8794,211,9.5288,12.1857
Very dark color,Low intensity aromas,Very intense alcohol content,Medium bitterness,Low foam,$50-$59,10.8524,212,9.2403,12.4803
Very dark color,Low intensity aromas,Medium alcohol content,No or very low bitterness,Low foam,$30-$39,10.8524,213,9.6447,12.158
Very dark color,Intense aromas,Very intense alcohol content,Medium bitterness,No or very low foam,$60-$69,10.8258,214,9.3545,12.1745
Very dark color,Very intense aromas,Very intense alcohol content,Medium bitterness,Low foam,$30-$39,10.7923,215,8.7855,12.5438
Very dark color,Medium intensity aromas,Medium alcohol content,Low bitterness,High foam,$30-$39,10.7829,216,9.1657,12.7351
Very dark color,Low intensity aromas,Medium alcohol content,Very intense bitterness,Low foam,$30-$39,10.7806,217,9.4612,11.9815
Pale color,Low intensity aromas,Medium alcohol content,Low bitterness,Medium foam,$40-$49,10.7663,218,9.2695,12.1642
Very dark color,Medium intensity aromas,Very intense alcohol content,Medium bitterness,Medium foam,$30-$39,10.7661,219,8.7949,12.4338
Very dark color,Medium intensity aromas,Intense alcohol content,Low bitterness,Low foam,$60-$69,10.762,220,8.9858,12.6747
Brown color,Medium intensity aromas,Intense alcohol content,Low bitterness,Low foam,$40-$49,10.7617,221,9.0688,12.6266
Very dark color,Low intensity aromas,Medium alcohol content,Intense bitterness,No or very low foam,$40-$49,10.7606,222,9.3106,12.2237
Pale color,Low intensity aromas,Intense alcohol content,Medium bitterness,Medium foam,$40-$49,10.725,223,9.2357,12.0426
Very dark color,Very intense aromas,Very intense alcohol content,Low bitterness,No or very low foam,$50-$59,10.6696,224,9.1101,12.2942
Very dark color,Very intense aromas,Very intense alcohol content,Low bitterness,Medium foam,$40-$49,10.6484,225,9.2763,12.1736
Very dark color,Low intensity aromas,Intense alcohol content,Intense bitterness,No or very low foam,$30-$39,10.6184,226,8.9373,12.2601
Very dark color,Medium intensity aromas,Very intense alcohol content,Medium bitterness,Low foam,$60-$69,10.6164,227,8.9494,12.172
Brown color,Medium intensity aromas,Very intense alcohol content,Low bitterness,Low foam,$40-$49,10.5911,228,8.9831,12.3074
Very dark color,Low intensity aromas,Intense alcohol content,No or very low bitterness,No or very low foam,$40-$49,10.5671,229,9.3086,11.8523
Very dark color,Intense aromas,Very intense alcohol content,Intense bitterness,No or very low foam,$30-$39,10.5648,230,8.6695,12.4597
Amber color,Medium intensity aromas,Medium alcohol content,Medium bitterness,Low foam,$30-$39,10.5445,231,8.865,12.3309
Very dark color,Intense aromas,Very intense alcohol content,No or very low bitterness,No or very low foam,$40-$49,10.5135,232,9.2558,12.0122
Very dark color,Low intensity aromas,Intense alcohol content,Very intense bitterness,No or very low foam,$40-$49,10.4953,233,9.1398,11.672
Very dark color,Intense aromas,Medium alcohol content,Medium bitterness,No or very low foam,$40-$49,10.4815,234,9.1932,11.7729
Very dark color,Intense aromas,Medium alcohol content,Low bitterness,Medium foam,$30-$39,10.4807,235,9.0904,11.9707
Very dark color,Intense aromas,Very intense alcohol content,Very intense bitterness,No or very low foam,$40-$49,10.4417,236,8.7385,12.1686
Very dark color,Low intensity aromas,Very intense alcohol content,Low bitterness,High foam,$50-$59,10.4376,237,8.9517,12.0522
Very dark color,Low intensity aromas,Very intense alcohol content,No or very low bitterness,Medium foam,$30-$39,10.4207,238,8.8707,11.9086
Brown color,Intense aromas,Intense alcohol content,Medium bitterness,Medium foam,$40-$49,10.4089,239,8.1784,12.8032
Very dark color,Low intensity aromas,Medium alcohol content,Medium bitterness,Medium foam,$30-$39,10.3887,240,8.867,11.6965
Very dark color,Very intense aromas,Very intense alcohol content,Low bitterness,High foam,$30-$39,10.3774,241,8.6309,12.108
Very dark color,Medium intensity aromas,Very intense alcohol content,Intense bitterness,Low foam,$30-$39,10.3554,242,8.4387,12.3251
Pale color,Low intensity aromas,Intense alcohol content,Low bitterness,Medium foam,$40-$49,10.3547,243,8.9432,11.7035
Very dark color,Low intensity aromas,Very intense alcohol content,Very intense bitterness,Medium foam,$30-$39,10.3489,244,8.392,12.1074
Very dark color,Intense aromas,Intense alcohol content,Medium bitterness,No or very low foam,$30-$39,10.3393,245,8.3989,11.9843
Very dark color,Intense aromas,Medium alcohol content,Low bitterness,Low foam,$60-$69,10.3309,246,9.0957,11.8403
Very dark color,Medium intensity aromas,Very intense alcohol content,No or very low bitterness,Low foam,$40-$49,10.3041,247,9.055,11.8308
Very dark color,Medium intensity aromas,Medium alcohol content,Medium bitterness,Low foam,$40-$49,10.2721,248,8.8287,11.7167
Very dark color,Low intensity aromas,Very intense alcohol content,No or very low bitterness,Low foam,$60-$69,10.271,249,8.5242,11.9186
Very dark color,Low intensity aromas,Medium alcohol content,Medium bitterness,Low foam,$60-$69,10.2389,250,8.9998,11.4947
Brown color,Intense aromas,Very intense alcohol content,Medium bitterness,Medium foam,$40-$49,10.2383,251,8.1386,12.5963
Pale color,Medium intensity aromas,Medium alcohol content,Medium bitterness,Medium foam,$60-$69,10.2372,252,8.4911,12.1396
Very dark color,Medium intensity aromas,Very intense alcohol content,Very intense bitterness,Low foam,$40-$49,10.2323,253,8.7451,11.718
Very dark color,Medium intensity aromas,Very intense alcohol content,Low bitterness,High foam,$60-$69,10.2015,254,8.7545,11.8537
Very dark color,Low intensity aromas,Very intense alcohol content,Very intense bitterness,Low foam,$60-$69,10.1992,255,8.7965,11.5694
Pale color,Low intensity aromas,Medium alcohol content,Medium bitterness,Medium foam,$50-$59,10.1683,256,8.2693,12.0579
Pale color,Medium intensity aromas,Medium alcohol content,Intense bitterness,Medium foam,$40-$49,10.1655,257,8.5345,11.6688
Very dark color,Medium intensity aromas,Intense alcohol content,Medium bitterness,Low foam,$30-$39,10.1299,258,8.2803,11.9079
Very dark color,Very intense aromas,Medium alcohol content,Low bitterness,No or very low foam,$60-$69,10.0561,259,8.6162,11.7808
Very dark color,Low intensity aromas,Very intense alcohol content,Low bitterness,Low foam,$70 or more,10.0349,260,8.2636,12.0186
Very dark color,Very intense aromas,Intense alcohol content,Low bitterness,Low foam,$40-$49,10.0122,261,8.4146,11.7953
Very dark color,Medium intensity aromas,Intense alcohol content,Low bitterness,No or very low foam,$50-$59,10.0073,262,8.4305,11.568
Very dark color,Medium intensity aromas,Intense alcohol content,Low bitterness,Medium foam,$40-$49,9.986,263,8.5324,11.4574
Very dark color,Low intensity aromas,Medium alcohol content,Intense bitterness,Low foam,$30-$39,9.978,264,8.3116,11.5309
Very dark color,Low intensity aromas,Intense alcohol content,Low bitterness,Medium foam,$60-$69,9.9529,265,8.4317,11.6083
Very dark color,Low intensity aromas,Medium alcohol content,No or very low bitterness,Low foam,$40-$49,9.9267,266,8.7712,11.3573
Very dark color,Intense aromas,Very intense alcohol content,Low bitterness,Medium foam,$60-$69,9.8993,267,8.2691,11.7595
Pale color,Medium intensity aromas,Medium alcohol content,Low bitterness,Medium foam,$60-$69,9.867,268,8.3978,11.4239
Very dark color,Very intense aromas,Very intense alcohol content,Medium bitterness,Low foam,$40-$49,9.8666,269,8.1518,11.4217
Very dark color,Medium intensity aromas,Very intense alcohol content,Medium bitterness,No or very low foam,$50-$59,9.8617,270,8.1349,11.5211
Very dark color,Medium intensity aromas,Medium alcohol content,No or very low bitterness,No or very low foam,$30-$39,9.8616,271,8.5658,11.3242
Very dark color,Medium intensity aromas,Medium alcohol content,Low bitterness,High foam,$40-$49,9.8572,272,8.1532,11.9864
Very dark color,Low intensity aromas,Medium alcohol content,Very intense bitterness,Low foam,$40-$49,9.8549,273,8.6629,10.8999
Brown color,Medium intensity aromas,Intense alcohol content,Medium bitterness,High foam,$40-$49,9.8469,274,8.0221,11.6636
Very dark color,Medium intensity aromas,Very intense alcohol content,Medium bitterness,Medium foam,$40-$49,9.8404,275,8.2716,11.3539
Pale color,Intense aromas,Medium alcohol content,Intense bitterness,Medium foam,$30-$39,9.8299,276,7.9315,11.5817
Pale color,Medium intensity aromas,Intense alcohol content,Medium bitterness,Medium foam,$60-$69,9.8257,277,8.3822,11.3238
Very dark color,Low intensity aromas,Medium alcohol content,Low bitterness,High foam,$60-$69,9.8241,278,8.0322,11.84
Amber color,Intense aromas,Medium alcohol content,Medium bitterness,Low foam,$40-$49,9.809,279,7.9321,11.7665
Very dark color,Low intensity aromas,Very intense alcohol content,Medium bitterness,Medium foam,$60-$69,9.8073,280,8.3265,11.2134
Pale color,Low intensity aromas,Medium alcohol content,Low bitterness,Medium foam,$50-$59,9.798,281,8.1829,11.5134
Amber color,Medium intensity aromas,Medium alcohol content,Intense bitterness,Low foam,$40-$49,9.7943,282,8.0794,11.6116
Very dark color,Medium intensity aromas,Medium alcohol content,Very intense bitterness,No or very low foam,$30-$39,9.7898,283,8.3755,11.0114
Very dark color,Low intensity aromas,Intense alcohol content,No or very low bitterness,Low foam,$30-$39,9.7845,284,8.308,11.1399
Pale color,Low intensity aromas,Intense alcohol content,Medium bitterness,Medium foam,$50-$59,9.7568,285,8.3033,11.2534
Pale color,Medium intensity aromas,Intense alcohol content,Intense bitterness,Medium foam,$40-$49,9.754,286,8.1783,11.2115
Very dark color,Intense aromas,Very intense alcohol content,No or very low bitterness,Low foam,$30-$39,9.7309,287,8.0199,11.3355
Very dark color,Medium intensity aromas,Intense alcohol content,Low bitterness,High foam,$30-$39,9.715,288,7.9856,11.3183
Very dark color,Low intensity aromas,Intense alcohol content,Very intense bitterness,Low foam,$30-$39,9.7127,289,7.9056,11.2603
Very dark color,Intense aromas,Medium alcohol content,Medium bitterness,Low foam,$30-$39,9.6989,290,8.1507,11.1666
Very dark color,Low intensity aromas,Intense alcohol content,Intense bitterness,No or very low foam,$40-$49,9.6927,291,8.1822,11.0877
Brown color,Medium intensity aromas,Very intense alcohol content,Medium bitterness,High foam,$40-$49,9.6763,292,7.919,11.4755
Very dark color,Intense aromas,Very intense alcohol content,Very intense bitterness,Low foam,$30-$39,9.6591,293,7.6329,11.8043
Very dark color,Intense aromas,Very intense alcohol content,Intense bitterness,No or very low foam,$40-$49,9.6391,294,8.0275,11.3122
Very dark color,Intense aromas,Medium alcohol content,Low bitterness,No or very low foam,$50-$59,9.5762,295,8.2826,10.98
Very dark color,Medium intensity aromas,Very intense alcohol content,Medium bitterness,High foam,$30-$39,9.5695,296,7.928,11.044
Brown color,Intense aromas,Intense alcohol content,Low bitterness,Medium foam,$40-$49,9.5659,297,7.6365,11.6368
Brown color,Very intense aromas,Intense alcohol content,Medium bitterness,Medium foam,$40-$49,9.5615,298,7.1853,11.9855
Very dark color,Intense aromas,Medium alcohol content,Low bitterness,Medium foam,$40-$49,9.555,299,8.0769,11.2023
Very dark color,Low intensity aromas,Very intense alcohol content,Intense bitterness,Medium foam,$30-$39,9.5463,300,7.781,11.3979
Very dark color,Low intensity aromas,Very intense alcohol content,No or very low bitterness,No or very low foam,$50-$59,9.5163,301,7.9881,10.9888
Very dark color,Low intensity aromas,Very intense alcohol content,No or very low bitterness,Medium foam,$40-$49,9.4951,302,8.1021,10.9295
Very dark color,Low intensity aromas,Medium alcohol content,Medium bitterness,No or very low foam,$50-$59,9.4842,303,8.2794,10.6836
Amber color,Medium intensity aromas,Medium alcohol content,Medium bitterness,Low foam,$50-$59,9.4756,304,7.7121,11.427
Very dark color,Low intensity aromas,Medium alcohol content,Medium bitterness,Medium foam,$40-$49,9.463,305,8.0844,10.8453
Very dark color,Very intense aromas,Very intense alcohol content,No or very low bitterness,No or very low foam,$30-$39,9.4561,306,7.9241,11.0098
Pale color,Medium intensity aromas,Intense alcohol content,Low bitterness,Medium foam,$60-$69,9.4554,307,8.2023,10.6956
Very dark color,Very intense aromas,Very intense alcohol content,Low bitterness,High foam,$40-$49,9.4517,308,8.0451,11.0831
Amber color,Intense aromas,Medium alcohol content,Medium bitterness,Low foam,$30-$39,9.4448,309,7.5214,11.337
Very dark color,Low intensity aromas,Very intense alcohol content,Very intense bitterness,No or very low foam,$50-$59,9.4445,310,7.8236,10.9653
Amber color,Medium intensity aromas,Medium alcohol content,Intense bitterness,Low foam,$30-$39,9.4301,311,7.9177,10.9279
Very dark color,Medium intensity aromas,Very intense alcohol content,Intense bitterness,Low foam,$40-$49,9.4297,312,7.9107,11.0674
Amber color,Medium intensity aromas,Medium alcohol content,Medium bitterness,Low foam,$70 or more,9.4246,313,7.6474,11.2887
Very dark color,Very intense aromas,Medium alcohol content,Medium bitterness,No or very low foam,$30-$39,9.4241,314,7.6979,11.1567
Very dark color,Low intensity aromas,Very intense alcohol content,Very intense bitterness,Medium foam,$40-$49,9.4232,315,7.8972,10.9292
Pale color,Intense aromas,Intense alcohol content,Intense bitterness,Medium foam,$30-$39,9.4184,316,7.7072,11.0971
Very dark color,Intense aromas,Intense alcohol content,Medium bitterness,No or very low foam,$40-$49,9.4136,317,7.8401,10.7944
Very dark color,Intense aromas,Intense alcohol content,Low bitterness,Medium foam,$30-$39,9.4128,318,7.6327,11.0568
Very dark color,Low intensity aromas,Very intense alcohol content,Intense bitterness,Low foam,$60-$69,9.3966,319,8.0048,10.9554
Brown color,Intense aromas,Very intense alcohol content,Low bitterness,Medium foam,$40-$49,9.3953,320,7.4205,11.4764
Brown color,Very intense aromas,Very intense alcohol content,Medium bitterness,Medium foam,$40-$49,9.391,321,7.0665,11.8323
Pale color,Low intensity aromas,Intense alcohol content,Low bitterness,Medium foam,$50-$59,9.3865,322,7.9408,10.8964
Very dark color,Very intense aromas,Very intense alcohol content,Very intense bitterness,No or very low foam,$30-$39,9.3843,323,7.3835,11.2548
Very dark color,Medium intensity aromas,Medium alcohol content,Low bitterness,Low foam,$50-$59,9.3668,324,7.8745,10.9905
Very dark color,Low intensity aromas,Intense alcohol content,Medium bitterness,Medium foam,$30-$39,9.3208,325,7.5603,10.8469
Very dark color,Intense aromas,Medium alcohol content,Low bitterness,High foam,$30-$39,9.284,326,7.5799,11.2067
Brown color,Intense aromas,Intense alcohol content,Medium bitterness,Low foam,$40-$49,9.2837,327,7.1213,11.5108
Very dark color,Medium intensity aromas,Very intense alcohol content,No or very low bitterness,No or very low foam,$60-$69,9.2803,328,7.6833,10.9446
Very dark color,Intense aromas,Very intense alcohol content,Medium bitterness,Medium foam,$30-$39,9.2672,329,7.1557,11.232
Very dark color,Intense aromas,Intense alcohol content,Low bitterness,Low foam,$60-$69,9.2631,330,7.5341,11.0796
Very dark color,Medium intensity aromas,Medium alcohol content,Medium bitterness,No or very low foam,$60-$69,9.2482,331,8.0439,10.4634
Very dark color,Low intensity aromas,Very intense alcohol content,No or very low bitterness,High foam,$30-$39,9.2241,332,7.6644,10.8149
Brown color,Medium intensity aromas,Intense alcohol content,Medium bitterness,Medium foam,$50-$59,9.2162,333,7.5523,10.8225
Very dark color,Medium intensity aromas,Very intense alcohol content,Very intense bitterness,No or very low foam,$60-$69,9.2084,334,7.8324,10.5485
Pale color,Low intensity aromas,Medium alcohol content,Medium bitterness,High foam,$30-$39,9.2052,335,7.7737,10.6471
Very dark color,Medium intensity aromas,Intense alcohol content,Medium bitterness,Low foam,$40-$49,9.2042,336,7.564,10.793
Pale color,Medium intensity aromas,Medium alcohol content,Intense bitterness,Medium foam,$50-$59,9.1973,337,7.3452,11.1039
Very dark color,Low intensity aromas,Medium alcohol content,Medium bitterness,High foam,$30-$39,9.192,338,7.4732,10.79
Pale color,Intense aromas,Medium alcohol content,Medium bitterness,Medium foam,$40-$49,9.1811,339,7.4972,10.7665
Very dark color,Low intensity aromas,Intense alcohol content,Medium bitterness,Low foam,$60-$69,9.1711,340,7.5157,10.6966
Very dark color,Low intensity aromas,Very intense alcohol content,Very intense bitterness,High foam,$30-$39,9.1523,341,7.4704,10.7745
Very dark color,Intense aromas,Very intense alcohol content,Medium bitterness,Low foam,$60-$69,9.1175,342,7.4242,10.7253
Brown color,Intense aromas,Very intense alcohol content,Medium bitterness,Low foam,$40-$49,9.1131,343,7.0108,11.2767
Very dark color,Low intensity aromas,Medium alcohol content,Intense bitterness,Low foam,$40-$49,9.0523,344,7.6236,10.6168
Brown color,Medium intensity aromas,Very intense alcohol content,Medium bitterness,Medium foam,$50-$59,9.0456,345,7.3843,10.7864
Very dark color,Medium intensity aromas,Very intense alcohol content,Low bitterness,No or very low foam,$70 or more,9.0442,346,7.3533,10.985
Brown color,Medium intensity aromas,Intense alcohol content,Low bitterness,High foam,$40-$49,9.0039,347,7.4111,10.5656
Brown color,Medium intensity aromas,Intense alcohol content,Medium bitterness,Medium foam,$60-$69,8.9904,348,7.4955,10.5507
Very dark color,Very intense aromas,Intense alcohol content,Low bitterness,No or very low foam,$60-$69,8.9883,349,7.4804,10.7074
Very dark color,Medium intensity aromas,Medium alcohol content,Intense bitterness,No or very low foam,$30-$39,8.9872,350,7.3334,10.6123
Brown color,Medium intensity aromas,Intense alcohol content,Medium bitterness,Medium foam,$30-$39,8.9668,351,7.3635,10.7626
Very dark color,Very intense aromas,Very intense alcohol content,Low bitterness,Low foam,$50-$59,8.9613,352,7.2933,10.7143
Very dark color,Medium intensity aromas,Medium alcohol content,No or very low bitterness,No or very low foam,$40-$49,8.936,353,7.5702,10.453
Very dark color,Medium intensity aromas,Very intense alcohol content,Low bitterness,Medium foam,$50-$59,8.9352,354,7.247,10.5674
Very dark color,Low intensity aromas,Intense alcohol content,Intense bitterness,Low foam,$30-$39,8.9101,355,6.9128,10.7792
Very dark color,Low intensity aromas,Medium alcohol content,No or very low bitterness,No or very low foam,$60-$69,8.9028,356,7.4547,10.5395
Very dark color,Medium intensity aromas,Medium alcohol content,Very intense bitterness,No or very low foam,$40-$49,8.8641,357,7.6304,10.0318
Very dark color,Low intensity aromas,Intense alcohol content,No or very low bitterness,Low foam,$40-$49,8.8588,358,7.5637,10.2376
Very dark color,Intense aromas,Very intense alcohol content,Intense bitterness,Low foam,$30-$39,8.8565,359,6.8137,10.9222
Very dark color,Very intense aromas,Very intense alcohol content,Medium bitterness,No or very low foam,$60-$69,8.8427,360,7.245,10.3407
Pale color,Low intensity aromas,Medium alcohol content,Low bitterness,High foam,$30-$39,8.835,361,7.2684,10.4471
Brown color,Medium intensity aromas,Very intense alcohol content,Low bitterness,High foam,$40-$49,8.8333,362,7.1823,10.3765
Very dark color,Low intensity aromas,Medium alcohol content,Very intense bitterness,No or very low foam,$60-$69,8.831,363,8.1216,9.5428
Brown color,Medium intensity aromas,Very intense alcohol content,Medium bitterness,Medium foam,$60-$69,8.8198,364,7.3777,10.3725
Pale color,Intense aromas,Medium alcohol content,Low bitterness,Medium foam,$40-$49,8.8108,365,7.3334,10.1352
Very dark color,Intense aromas,Very intense alcohol content,No or very low bitterness,Low foam,$40-$49,8.8052,366,7.436,10.2648
Brown color,Medium intensity aromas,Very intense alcohol content,Medium bitterness,Medium foam,$30-$39,8.7962,367,7.283,10.442
Very dark color,Medium intensity aromas,Intense alcohol content,No or very low bitterness,No or very low foam,$30-$39,8.7938,368,7.4902,10.0988
Pale color,Low intensity aromas,Intense alcohol content,Medium bitterness,High foam,$30-$39,8.7937,369,7.3986,10.0067
Very dark color,Medium intensity aromas,Intense alcohol content,Low bitterness,High foam,$40-$49,8.7894,370,7.2185,10.509
Very dark color,Low intensity aromas,Intense alcohol content,Very intense bitterness,Low foam,$40-$49,8.787,371,7.3107,10.1547
Pale color,Medium intensity aromas,Intense alcohol content,Intense bitterness,Medium foam,$50-$59,8.7857,372,7.1309,10.4809
Very dark color,Intense aromas,Medium alcohol content,Medium bitterness,Low foam,$40-$49,8.7732,373,7.4049,10.052
Pale color,Intense aromas,Intense alcohol content,Medium bitterness,Medium foam,$40-$49,8.7696,374,7.1269,10.1545
Very dark color,Low intensity aromas,Intense alcohol content,Low bitterness,High foam,$60-$69,8.7562,375,6.9747,10.4724
Very dark color,Intense aromas,Very intense alcohol content,Very intense bitterness,Low foam,$40-$49,8.7334,376,6.9697,10.5303
Brown color,Medium intensity aromas,Medium alcohol content,Medium bitterness,Medium foam,$40-$49,8.7287,377,7.3533,10.423
Very dark color,Medium intensity aromas,Intense alcohol content,Very intense bitterness,No or very low foam,$30-$39,8.722,378,7.1105,10.1802
Brown color,Very intense aromas,Intense alcohol content,Low bitterness,Medium foam,$40-$49,8.7185,379,6.718,10.9722
Very dark color,Intense aromas,Very intense alcohol content,Low bitterness,High foam,$60-$69,8.7026,380,7.1751,10.4326
Amber color,Intense aromas,Medium alcohol content,Intense bitterness,Low foam,$40-$49,8.6946,381,6.862,10.5649
Very dark color,Low intensity aromas,Medium alcohol content,Low bitterness,No or very low foam,$70 or more,8.6668,382,7.1147,10.3991
Very dark color,Medium intensity aromas,Very intense alcohol content,Medium bitterness,High foam,$40-$49,8.6438,383,7.4021,9.9281
Very dark color,Low intensity aromas,Very intense alcohol content,Intense bitterness,No or very low foam,$50-$59,8.6419,384,7.1371,10.158
Very dark color,Intense aromas,Intense alcohol content,Medium bitterness,Low foam,$30-$39,8.631,385,6.5819,10.5399
Pale color,Medium intensity aromas,Low alcohol content,Medium bitterness,Medium foam,$30-$39,8.6252,386,7.1053,10.2359
Very dark color,Low intensity aromas,Very intense alcohol content,Intense bitterness,Medium foam,$40-$49,8.6207,387,7.2053,10.0717
Amber color,Medium intensity aromas,Medium alcohol content,Medium bitterness,Low foam,$60-$69,8.6137,388,6.8447,10.5054
Very dark color,Low intensity aromas,Very intense alcohol content,Medium bitterness,High foam,$60-$69,8.6106,389,7.4327,9.7123
Very dark color,Very intense aromas,Very intense alcohol content,Intense bitterness,No or very low foam,$30-$39,8.5818,390,6.5467,10.6108
Very dark color,Low intensity aromas,Medium alcohol content,Low bitterness,Medium foam,$50-$59,8.5577,391,7.2998,9.9958
Brown color,Very intense aromas,Very intense alcohol content,Low bitterness,Medium foam,$40-$49,8.5479,392,6.5511,10.7108
Very dark color,Very intense aromas,Very intense alcohol content,No or very low bitterness,No or very low foam,$40-$49,8.5305,393,7.2951,9.8574
Very dark color,Intense aromas,Intense alcohol content,Low bitterness,No or very low foam,$50-$59,8.5084,394,6.8887,10.2185
Very dark color,Very intense aromas,Medium alcohol content,Medium bitterness,No or very low foam,$40-$49,8.4984,395,6.772,10.1165
Very dark color,Very intense aromas,Medium alcohol content,Low bitterness,Medium foam,$30-$39,8.4976,396,6.9935,10.0192
Very dark color,Intense aromas,Intense alcohol content,Low bitterness,Medium foam,$40-$49,8.4871,397,6.9789,10.1346
Very dark color,Very intense aromas,Very intense alcohol content,Very intense bitterness,No or very low foam,$40-$49,8.4587,398,6.7178,10.0077
Brown color,Intense aromas,Intense alcohol content,Low bitterness,Low foam,$40-$49,8.4407,399,6.5523,10.4026
Brown color,Very intense aromas,Intense alcohol content,Medium bitterness,Low foam,$40-$49,8.4363,400,6.1905,10.7982
Pale color,Low intensity aromas,Intense alcohol content,Low bitterness,High foam,$30-$39,8.4234,401,6.8051,9.9349
Very dark color,Low intensity aromas,Intense alcohol content,Medium bitterness,No or very low foam,$50-$59,8.4164,402,6.8736,9.7661
Very dark color,Medium intensity aromas,Very intense alcohol content,Intense bitterness,No or very low foam,$60-$69,8.4059,403,7.0169,9.8895
Pale color,Intense aromas,Intense alcohol content,Low bitterness,Medium foam,$40-$49,8.3993,404,6.8564,9.7171
Very dark color,Low intensity aromas,Intense alcohol content,Medium bitterness,Medium foam,$40-$49,8.3951,405,6.7761,9.866
Amber color,Intense aromas,Medium alcohol content,Medium bitterness,Low foam,$50-$59,8.3759,406,6.5075,10.3463
Brown color,Medium intensity aromas,Intense alcohol content,Low bitterness,Medium foam,$50-$59,8.3731,407,7.0046,9.8711
Very dark color,Intense aromas,Very intense alcohol content,Medium bitterness,No or very low foam,$50-$59,8.3628,408,6.4105,10.0241
Very dark color,Intense aromas,Medium alcohol content,No or very low bitterness,No or very low foam,$30-$39,8.3627,409,7.218,9.61
Amber color,Medium intensity aromas,Medium alcohol content,Intense bitterness,Low foam,$50-$59,8.3612,410,6.5226,10.3594
Very dark color,Intense aromas,Medium alcohol content,Low bitterness,High foam,$40-$49,8.3583,411,6.6776,10.4091
Very dark color,Very intense aromas,Intense alcohol content,Medium bitterness,No or very low foam,$30-$39,8.3562,412,6.4102,10.0717
Very dark color,Low intensity aromas,Very intense alcohol content,Intense bitterness,High foam,$30-$39,8.3497,413,6.5924,10.0613
Very dark color,Very intense aromas,Medium alcohol content,Low bitterness,Low foam,$60-$69,8.3479,414,6.8891,10.0631
Very dark color,Intense aromas,Very intense alcohol content,Medium bitterness,Medium foam,$40-$49,8.3415,415,6.4447,10.0141
Amber color,Intense aromas,Medium alcohol content,Intense bitterness,Low foam,$30-$39,8.3304,416,6.7065,10.0324
Amber color,Intense aromas,Medium alcohol content,Medium bitterness,Low foam,$70 or more,8.3249,417,6.4876,10.142
Very dark color,Medium intensity aromas,Medium alcohol content,Low bitterness,Medium foam,$60-$69,8.3217,418,6.8149,10.0289
Amber color,Medium intensity aromas,Medium alcohol content,Intense bitterness,Low foam,$70 or more,8.3103,419,6.2764,10.3615
Very dark color,Medium intensity aromas,Intense alcohol content,Low bitterness,Low foam,$50-$59,8.299,420,6.599,10.0531
Very dark color,Low intensity aromas,Very intense alcohol content,No or very low bitterness,High foam,$40-$49,8.2984,421,6.9418,9.7771
Very dark color,Intense aromas,Medium alcohol content,Very intense bitterness,No or very low foam,$30-$39,8.2909,422,6.672,9.8882
Amber color,Medium intensity aromas,Medium alcohol content,Medium bitterness,Medium foam,$40-$49,8.2758,423,6.6989,10.0804
Brown color,Intense aromas,Very intense alcohol content,Low bitterness,Low foam,$40-$49,8.2701,424,6.3925,10.23
Very dark color,Low intensity aromas,Medium alcohol content,Medium bitterness,High foam,$40-$49,8.2663,425,6.8163,9.848
Brown color,Very intense aromas,Very intense alcohol content,Medium bitterness,Low foam,$40-$49,8.2657,426,6.1708,10.4071
Pale color,Medium intensity aromas,Low alcohol content,Low bitterness,Medium foam,$30-$39,8.255,427,6.6979,9.8813
Pale color,Medium intensity aromas,Medium alcohol content,Intense bitterness,High foam,$30-$39,8.2342,428,6.6059,9.7781
Very dark color,Low intensity aromas,Very intense alcohol content,Very intense bitterness,High foam,$40-$49,8.2266,429,6.8292,9.5098
Very dark color,Intense aromas,Intense alcohol content,Low bitterness,High foam,$30-$39,8.2161,430,6.3641,9.9294
Pale color,Intense aromas,Medium alcohol content,Medium bitterness,Medium foam,$50-$59,8.2129,431,6.2013,10.2571
Brown color,Medium intensity aromas,Very intense alcohol content,Low bitterness,Medium foam,$50-$59,8.2025,432,6.7995,9.8333
Very dark color,Medium intensity aromas,Intense alcohol content,Medium bitterness,No or very low foam,$60-$69,8.1803,433,6.6179,9.6576
Very dark color,Medium intensity aromas,Very intense alcohol content,Medium bitterness,Low foam,$50-$59,8.1534,434,6.2613,10.0288
Very dark color,Medium intensity aromas,Medium alcohol content,No or very low bitterness,Low foam,$30-$39,8.1533,435,6.9768,9.4627
Brown color,Medium intensity aromas,Intense alcohol content,Low bitterness,Medium foam,$60-$69,8.1474,436,6.8213,9.5827
Very dark color,Low intensity aromas,Intense alcohol content,Medium bitterness,High foam,$30-$39,8.1241,437,6.3826,9.6013
Brown color,Medium intensity aromas,Intense alcohol content,Low bitterness,Medium foam,$30-$39,8.1237,438,6.7516,9.6246
Brown color,Medium intensity aromas,Intense alcohol content,Medium bitterness,Low foam,$50-$59,8.091,439,6.6619,9.6643
Very dark color,Medium intensity aromas,Medium alcohol content,Very intense bitterness,Low foam,$30-$39,8.0815,440,6.6217,9.4225
Very dark color,Intense aromas,Very intense alcohol content,Medium bitterness,High foam,$30-$39,8.0706,441,6.129,9.7809
Very dark color,Medium intensity aromas,Medium alcohol content,Intense bitterness,No or very low foam,$40-$49,8.0616,442,6.46,9.7064
Very dark color,Low intensity aromas,Medium alcohol content,Intense bitterness,No or very low foam,$60-$69,8.0284,443,6.8262,9.2007
Very dark color,Low intensity aromas,Intense alcohol content,Intense bitterness,Low foam,$40-$49,7.9844,444,6.3357,9.5751
Brown color,Medium intensity aromas,Very intense alcohol content,Low bitterness,Medium foam,$60-$69,7.9768,445,6.6883,9.4935
Brown color,Medium intensity aromas,Very intense alcohol content,Low bitterness,Medium foam,$30-$39,7.9532,446,6.6085,9.371
Very dark color,Intense aromas,Very intense alcohol content,Intense bitterness,Low foam,$40-$49,7.9308,447,6.2067,9.6988
Brown color,Medium intensity aromas,Very intense alcohol content,Medium bitterness,Low foam,$50-$59,7.9204,448,6.5933,9.4617
Very dark color,Medium intensity aromas,Intense alcohol content,Intense bitterness,No or very low foam,$30-$39,7.9194,449,6.093,9.6907
Very dark color,Very intense aromas,Very intense alcohol content,Low bitterness,Medium foam,$60-$69,7.9162,450,6.4233,9.6164
Amber color,Medium intensity aromas,Medium alcohol content,Medium bitterness,Medium foam,$30-$39,7.9116,451,6.0808,9.7183
Brown color,Medium intensity aromas,Medium alcohol content,Low bitterness,Medium foam,$40-$49,7.8857,452,6.6436,9.4334
Very dark color,Medium intensity aromas,Intense alcohol content,No or very low bitterness,No or very low foam,$40-$49,7.8681,453,6.599,9.1561
Very dark color,Intense aromas,Medium alcohol content,Low bitterness,Low foam,$50-$59,7.8679,454,6.42,9.2906
Brown color,Medium intensity aromas,Intense alcohol content,Medium bitterness,Low foam,$60-$69,7.8652,455,6.464,9.3396
Pale color,Intense aromas,Medium alcohol content,Low bitterness,Medium foam,$50-$59,7.8426,456,6.0443,9.6834
Brown color,Medium intensity aromas,Intense alcohol content,Medium bitterness,Low foam,$30-$39,7.8416,457,6.2023,9.5349
Very dark color,Low intensity aromas,Intense alcohol content,No or very low bitterness,No or very low foam,$60-$69,7.8349,458,6.25,9.4101
Pale color,Medium intensity aromas,Intense alcohol content,Intense bitterness,High foam,$30-$39,7.8227,459,6.4243,9.3247
Very dark color,Low intensity aromas,Very intense alcohol content,No or very low bitterness,Low foam,$50-$59,7.808,460,6.1968,9.4086
Pale color,Intense aromas,Intense alcohol content,Medium bitterness,Medium foam,$50-$59,7.8013,461,6.0541,9.4391
Very dark color,Medium intensity aromas,Intense alcohol content,Very intense bitterness,No or very low foam,$40-$49,7.7963,462,6.3528,9.0845
Very dark color,Intense aromas,Very intense alcohol content,No or very low bitterness,No or very low foam,$60-$69,7.7814,463,6.2017,9.4078
Very dark color,Low intensity aromas,Medium alcohol content,Medium bitterness,Low foam,$50-$59,7.7759,464,6.5444,9.0495
Very dark color,Low intensity aromas,Intense alcohol content,Very intense bitterness,No or very low foam,$60-$69,7.7631,465,6.482,9.0199
Very dark color,Intense aromas,Medium alcohol content,Medium bitterness,No or very low foam,$60-$69,7.7493,466,6.774,8.7963
Very dark color,Very intense aromas,Very intense alcohol content,No or very low bitterness,Low foam,$30-$39,7.7479,467,6.1237,9.2664
Very dark color,Medium intensity aromas,Very intense alcohol content,Low bitterness,High foam,$50-$59,7.7385,468,6.1587,9.4051
Very dark color,Low intensity aromas,Very intense alcohol content,Very intense bitterness,Low foam,$50-$59,7.7362,469,5.9575,9.5309
Very dark color,Medium intensity aromas,Very intense alcohol content,No or very low bitterness,Medium foam,$30-$39,7.7217,470,6.2098,9.1611
Very dark color,Very intense aromas,Medium alcohol content,Medium bitterness,Low foam,$30-$39,7.7158,471,5.9293,9.3978
Very dark color,Intense aromas,Very intense alcohol content,Very intense bitterness,No or very low foam,$60-$69,7.7095,472,6.1168,9.3329
Very dark color,Intense aromas,Intense alcohol content,Medium bitterness,Low foam,$40-$49,7.7053,473,5.975,9.3633
Brown color,Medium intensity aromas,Very intense alcohol content,Medium bitterness,Low foam,$60-$69,7.6946,474,6.4138,9.1293
Very dark color,Medium intensity aromas,Medium alcohol content,Medium bitterness,Medium foam,$30-$39,7.6896,475,6.0575,9.1363
Pale color,Low intensity aromas,Medium alcohol content,Medium bitterness,Medium foam,$60-$69,7.687,476,6.0216,9.4622
Very dark color,Very intense aromas,Very intense alcohol content,Very intense bitterness,Low foam,$30-$39,7.676,477,5.602,9.673
Brown color,Medium intensity aromas,Very intense alcohol content,Medium bitterness,Low foam,$30-$39,7.671,478,6.1702,9.1277
Very dark color,Very intense aromas,Very intense alcohol content,Intense bitterness,No or very low foam,$40-$49,7.6561,479,6.0353,9.3343
Very dark color,Medium intensity aromas,Very intense alcohol content,Very intense bitterness,Medium foam,$30-$39,7.6499,480,5.6036,9.5497
Amber color,Medium intensity aromas,Intense alcohol content,Medium bitterness,Low foam,$40-$49,7.6169,481,5.8418,9.377
Pale color,Low intensity aromas,Medium alcohol content,Intense bitterness,Medium foam,$40-$49,7.6152,482,6.0463,9.0089
Brown color,Medium intensity aromas,Medium alcohol content,Medium bitterness,Low foam,$40-$49,7.6035,483,6.2406,9.3342
Very dark color,Low intensity aromas,Intense alcohol content,Low bitterness,No or very low foam,$70 or more,7.5989,484,5.8715,9.3745
Brown color,Very intense aromas,Intense alcohol content,Low bitterness,Low foam,$40-$49,7.5933,485,5.6236,9.675
Very dark color,Very intense aromas,Medium alcohol content,Low bitterness,No or very low foam,$50-$59,7.5932,486,6.1486,9.0688
Pale color,Medium intensity aromas,Medium alcohol content,Medium bitterness,High foam,$40-$49,7.5854,487,6.217,9.0689
Very dark color,Medium intensity aromas,Very intense alcohol content,No or very low bitterness,Low foam,$60-$69,7.572,488,5.7443,9.3979
Very dark color,Very intense aromas,Medium alcohol content,Low bitterness,Medium foam,$40-$49,7.5719,489,6.0826,9.2527
Very dark color,Intense aromas,Very intense alcohol content,Low bitterness,No or very low foam,$70 or more,7.5453,490,5.8242,9.5077
Very dark color,Medium intensity aromas,Medium alcohol content,Medium bitterness,Low foam,$60-$69,7.5399,491,6.0734,8.9047
Brown color,Intense aromas,Intense alcohol content,Medium bitterness,High foam,$40-$49,7.5259,492,5.5339,9.6456
Amber color,Intense aromas,Medium alcohol content,Medium bitterness,Low foam,$60-$69,7.514,493,5.7102,9.5044
Very dark color,Medium intensity aromas,Very intense alcohol content,Very intense bitterness,Low foam,$60-$69,7.5002,494,5.9193,9.1914
Amber color,Medium intensity aromas,Medium alcohol content,Intense bitterness,Low foam,$60-$69,7.4994,495,5.7034,9.4914
Very dark color,Low intensity aromas,Intense alcohol content,Low bitterness,Medium foam,$50-$59,7.4899,496,5.9364,9.0016
Very dark color,Intense aromas,Medium alcohol content,Intense bitterness,No or very low foam,$30-$39,7.4883,497,5.6861,9.2336
Very dark color,Low intensity aromas,Very intense alcohol content,Medium bitterness,No or very low foam,$70 or more,7.4533,498,5.9152,8.9144
Very dark color,Intense aromas,Medium alcohol content,No or very low bitterness,No or very low foam,$40-$49,7.4371,499,6.3381,8.7587
Very dark color,Intense aromas,Very intense alcohol content,Low bitterness,Medium foam,$50-$59,7.4363,500,5.6336,9.3565
Very light color,Low intensity aromas,No or very low alcohol content,No or very low bitterness,Medium foam,$30-$39,4.4435,897,3.2061,5.7152
